<!--
  ~ Copyright 2017 Red Hat, Inc. and/or its affiliates.
  ~
  ~ Licensed under the Apache License, Version 2.0 (the "License");
  ~ you may not use this file except in compliance with the License.
  ~ You may obtain a copy of the License at
  ~
  ~       http://www.apache.org/licenses/LICENSE-2.0
  ~
  ~ Unless required by applicable law or agreed to in writing, software
  ~ distributed under the License is distributed on an "AS IS" BASIS,
  ~ WITHOUT WARRANTIES OR CONDITIONS OF ANY KIND, either express or implied.
  ~ See the License for the specific language governing permissions and
  ~ limitations under the License.
  -->
<solver xStreamId="1">
  <scanAnnotatedClasses xStreamId="2"/>
  <scoreDirectorFactory xStreamId="3"/>
  <termination xStreamId="4">
    <secondsSpentLimit>30</secondsSpentLimit>
    <minutesSpentLimit>0</minutesSpentLimit>
    <hoursSpentLimit>0</hoursSpentLimit>
    <daysSpentLimit>0</daysSpentLimit>
  </termination>
</solver>