<!--
  ~ Copyright 2017 Red Hat, Inc. and/or its affiliates.
  ~
  ~ Licensed under the Apache License, Version 2.0 (the "License");
  ~ you may not use this file except in compliance with the License.
  ~ You may obtain a copy of the License at
  ~
  ~       http://www.apache.org/licenses/LICENSE-2.0
  ~
  ~ Unless required by applicable law or agreed to in writing, software
  ~ distributed under the License is distributed on an "AS IS" BASIS,
  ~ WITHOUT WARRANTIES OR CONDITIONS OF ANY KIND, either express or implied.
  ~ See the License for the specific language governing permissions and
  ~ limitations under the License.
  -->
<org.uberfire.java.nio.base.Properties serialization="custom">
  <unserializable-parents/>
  <map>
    <default>
      <loadFactor>0.75</loadFactor>
      <threshold>12</threshold>
    </default>
    <int>16</int>
    <int>2</int>
 <string>othermeta.tag[1]</string>
    <string>Drools</string>
    <string>othermeta.tag[0]</string>
    <string>OptaPlanner</string>
  </map>
</org.uberfire.java.nio.base.Properties>
